source,target
上月中旬，连城森林分局在该县文亨镇李屋村龙潭山场一隐蔽山坳里，成功端掉一非法开采稀土窝点。,上月月中，连城森林分局成功抓捕了该县文亨镇李屋村龙潭山场一隐蔽山坳里的一个非法开采稀土的团伙。
此外，原为首钢炼铁原料区的西十筒仓项目，也将有一部分空间用于互联网金融产业的发展。,还有，过去首钢炼铁原料区的西十筒仓项目，也将拿出一部分空间用于发展互联网金融产业
官方表示，虽然新疆的文化产业得到一定的发展，但是相比内地省市，新疆的文化产业还相对落后，新疆由文化大区向文化强区转变，仍需要多方面的努力。,政府表示，虽然新疆的文化产业得到一定的发展，但是还落后于内地省市，还需要多方面的努力才能转变成文化强区。
日本和邻国关系紧张，本地区可能更离不开美国这个“平衡者”和“调停人”。,日本和相邻国家关系紧张，本地区可能更离不开美国这个平衡以及调解双方关系的国家。
假如早两年被查处，一方面国家不至于遭受巨大损失，另一方面自己的罪行也不至于如此严重。,如果前两年被查明处理，国家的损失和自己的罪行也不会这么严重。
武汉本土节目亮点颇多，来自外地社区的节目更是精彩纷呈：四川的变脸、广西的原生态山歌、东北的二人转、南京“潮婆老虎队”等。,武汉本地节目有很多亮点，来自外地社区的节目更是十分精彩：四川的变脸、广西的原生态山歌、东北的二人转等。
张玉良说，英国市场拥有稳定的资产回报和良好的市场流动性，对于物业升值和未来退出也较有保障，正获得越来越多个人投资者的青睐。,张玉良说由于英国市场拥有稳定的资产回报和良好的市场流动性，并且对于物业升值和未来退出也有保障，获得越来越多个人投资者的喜爱。
由于其调查范围广，统计分析方法权威，成为游戏业界人士的第一手研究资料，被誉为“中国游戏产业蓝皮书”。,由于其调查范围广，统计分析方法权威，被誉为“中国游戏产业蓝皮书”。
见此，愤怒的亚明打了一掌小红的左脸部，尽管小红竭力反抗，亚明又随即殴打小红的脸部及头部等处，强行要与其发生性关系。,见此情况，愤怒的亚明打了一掌小红，尽管小红努力反抗，亚明又随即殴打小红，强迫和她发生性关系。
根据二被告人参与犯罪的次数、程度、涉案金额，归案后的认罪、悔罪态度等具体情节，根据相关法律规定，依法作出了上述判决。,根据两个被告人参与犯罪的次数、程度等具体情节，按照相关法律规定作出了上述判决。
我们对一些成功经验进行了总结借鉴，并结合我乡实际，提出了建设“九皋文化社区城”的构想，努力探索具有我乡特色的城镇化道路。,我们总结借鉴了成功经验，并结合我乡实际，提出了建设“九皋文化社区城”的构想，努力寻找具有我乡特色的城镇化道路。
有人给污染企业总结出三不怕，“不怕环保监察、不怕行政处罚、不怕损害公共利益”。,有人总结污染企业的三不怕，分别是“不怕环保监察、不怕行政处罚、不怕损害公共利益”。
读书不是一件容易的事，要切实加强对马克思主义的学习，重视学习的针对性和指导性，善于用马克思主义的立场、观点、方法认识和解决遇到的问题。,读书是一件不容易的事，要根据实际加强对马克思主义的学习，重视学习的针对性和指导性，擅长用马克思主义的立场、观点、方法认识和解决遇到的问题。
中环集团中港物业品质部副经理沈来跃告诉记者说：“在村里一直是丁医生为乡亲们带来温暖，此次‘暖冬行’活动，中环集团为丁医生和他所在的卫生服务站送温暖。,中环集团中港物业品质部副经理沈来跃告诉记者：“丁医生给乡亲们送温暖，这次‘暖冬行’活动，中环集团为丁医生和他所在的卫生服务站送温暖。
接待人员告诉记者，如果接待对象是政府官员，为了保护隐私，不用登记其任何信息，住房、娱乐等消费只用接待方支付即可。,接待人员告诉记者，接待政府官员，为了保护隐私，不用登记信息，消费只用接待人员支付就行。
学霸们毫不吝啬地分享学习经验，这些“秘籍”也成为学生们最近津津乐道的话题。,成绩好的学生没有保留地分享学习经验，这些经验也成为学生们最近谈论的话题。
当地姜家荡渔场养殖的有机鱼给鸥鸟提供了充足的饵料，一时成了鸥鸟的“天堂”。,当地姜家荡渔场的有机鱼给鸥鸟提供了足够的饵料，一时成了鸥鸟的“天堂”。
受体内分泌的黄体酮影响，经期女性皮脂分泌增多，皮肤油腻，同时毛细管扩张，皮肤也会变得异常敏感。,经期女性因为体内分泌的黄体酮，皮脂分泌变多，皮肤油腻，同时毛细管扩张，皮肤也会变得非常敏感。
位于长缨西路上的贝斯特年历批发市场是我市专业的“年历礼品商城”，记者走访发现，每到岁末年初就热闹非凡的市场，现在却没什么人流量。,长缨西路上的贝斯特年历批发市场是我市专门的“年历礼品商城”。但是，记者走访发现，每到岁末年初就非常热闹的市场，现在却没什么人。
目前，在可实用量子信息技术领域，中心已取得一系列具有重要国际影响的原始创新成果。,现在，中心在可实用量子信息技术领域已取得一系列具有重要国际影响的原始创新成果。
从时间表上来看，马年春晚已经进入倒计时状态，从目前节目的筹备情况来看，时间却有些紧迫。,从时间表上来看，马年春晚快要来到，从目前节目的筹备情况来看，时间却有些紧张。
除了荣获“长腿小姐”的称号外，她还获得了“比基尼小姐”、“运动小姐”、“微笑小姐”和“金发小姐”的称号。,除了被称为“长腿小姐”外，她还被称为“比基尼小姐”、“运动小姐”、“微笑小姐”和“金发小姐”。
使得靠自身力量去证明清白的被讹者，逐渐变得无助和无力，最后岂然以死相搏。,使得靠自身力量去证明清白的被讹的人，逐渐变得无助和无力，最后怎么能拼命搏斗。
日本的历史立场近期遭中韩等国轮番强烈批评，中韩很可能将此事再次作为理由，对日本发起新一轮的“攻击”。,中韩很可能将日本的历史立场遭中韩等国挨个强烈批评这个事再次作为理由，对日本发起新一轮的“攻击”。
在一旁的检票闸口前，尽管还没开始验票，吴鹏和妻子已经拿着车票，提着东西，早早排在了队伍的最前面。,在检票闸口前，虽然还没开始验票，但是吴鹏和妻子已经拿着车票，提着东西，早早排在了队伍的最前面。
单个古村落的旅游开发存在资源类型单调、吸引力不强、基础设施建设投入成本高。,仅一个古村落的旅游开发存在资源类型单一、吸引力不强、基础设施建设投入成本高的问题。
这半年来，刘女士又重新成为网购大军中的一员，过上了“淘货”的日子，与网店店主讨价还价。,这半年来，刘女士又重新开始网购，与网店店主讨价还价。
法官看了材料后表示“缺少被告主体资料”，当事人追问如补交了材料之后能否立案，该法官说“到时再研究”。,法官表示“缺少被告主体资料”，当事人继续问法官补交了材料之后能否立案，法官说“等补交了材料再说”。
加强配套政策研究，制定商品交易市场管理办法，引导服装、小商品、建材市场逐步退出。,加强配套政策制定，制定商品交易市场管理办法，引导服装、小商品、建材市场慢慢退出。
先是荣继达到厦门，在大学同学的介绍下，如愿成为一名英语翻译，在感觉到厦门的“舞台”更大、赚钱比老家多后，他便让妻子也辞去英语教师的工作，一起来厦门打拼。,在大学同学的介绍下，先到厦门的荣继满足了当英语翻译的愿望。他明白厦门的“舞台”更大、赚钱比老家多的道理后，让妻子也辞去工作，一起来厦门打拼。
急诊室病患家属一位大姨也说，“这老头从进医院，嘴里就念叨‘别难为人家，不是故意的’”。,急诊室病患家属也说，“这老头从进医院，嘴里就说‘别难为人家，不是故意的’”。
沈强指出，要全面分析安全生产形势，进一步强化安全生产“红线意识”，安全生产一刻也不能放松，一时也不能麻痹。,沈强指出，要全面分析安全生产形势，进一步强化“红线意识”，一刻也不能放松，一时也不能失去警惕。
另外，剧中一票大腕龙套给了观众不少惊喜，钟丽缇演的马夫人、魏宗万演的钟万仇、申军谊演的丁春秋、许还山演的逍遥子都浑身是戏。,另外，剧中大腕龙套给了观众很多惊喜，钟丽缇演的马夫人、魏宗万演的钟万仇、申军谊演的丁春秋、许还山演的逍遥子都演的非常好。
温州交通绿道的建成，不仅给市民游客在紧张都市生活之余提供了放松休闲的好去处，还让山区的农产品、农家乐能够走出来。,温州交通绿道的建成让市民游客有了休闲的好去处，还让山区农家乐能走出来。
大新还针对宏观经济趋紧的形势，对投资政策进行研究，重新包装策划全县招商引资项目库。,大新还针对宏观经济越来越紧张的形势，对投资政策进行研究，重新包装策划全县招商引资项目库。
大剂量使用时引起精神错乱，思想障碍，多疑、幻听、被害妄想等等，作为一种新型毒品，从本世纪初传入我国，已经取代海洛因成为滥用状况最为严重的毒品。,该毒品大剂量使用时引起精神错乱，思想障碍，多疑、幻听、被害妄想等等。该毒品作为一种新型毒品，从本世纪初传入我国，已经取代海洛因成为过度使用状况最为严重的毒品。
这是一次民主团结、求真务实、振奋精神、凝聚人心、积极推进跨越式发展和长治久安的大会。,这是一次民主团结、追求真实、振奋精神、凝聚人心、积极推进跨越式发展和长治久安的大会。
福建省文史馆馆长卢美松收到照片后说，根据照片看，这是很有价值的古代石雕，而且有人物的故事，他准备近日请福建博物院专家一起到现场查看。,福建省文史馆馆长卢美松收到照片后表示这是很有价值的古代石雕，而且有人物的故事。他准备近日请福建博物院专家一起到现场查看。
在鲁迅先生的眼中，有态度的好茶，才能够喝好茶，品好茶，懂得茶中的雅兴，体会出有境界的茶道便是与茶结了好缘分。,在鲁迅先生的眼中，有态度的研究茶，才能够喝好的茶，品高雅的茶，懂得茶中的雅兴，体会出有境界的茶道便是与茶结了好缘分。
中北部地区和南部沿海的内陆县市有霜或霜冻，南平、三明、宁德、龙岩四市和福州、泉州两市西北部部分有结冰。,中北部地区和南部沿海的大陆内部县市有霜或霜冻，南平、三明、宁德、龙岩四市和福州、泉州两市西北部部分有结冰。
他告诉记者，分餐并不是办学目标，我们的目标是起到教育的作用，而且男女分餐不是像某些人所解读的那样，它不是一种没有人性的行为。,他告诉记者，分餐并不是办学目标，我们的目标是起到教育的作用，而且男女分餐不是像某些人所理解的那样，它不是一种没有人性的行为。
王女士说，女儿被剪刀刺中后，感觉头痛头晕，但神志清楚，很坚强，都没哭过。,王女士说她的女儿被剪刀刺中后，头痛头晕，但神志清楚，很坚强。
在巴黎和卢森堡，这些艺术兵用画笔记录下了他们看到的一切：骑着自行车经过的迷人妇女、屋顶构成的天际线和如画的街景。,在巴黎和卢森堡，这些艺术兵用画笔记录下了他们看到的：骑着自行车经过的迷人妇女、屋顶构成的天际线和像画一样的的街景。
虽然“开心麻花”之前已经有三个节目入围，但已经将其中一个节目改为与郭冬临合作，再度接受导演组的审查。,虽然“开心麻花”之前已经有三个节目入选，但其中一个节目改为与郭冬临合作，再次接受导演组的审核。
并非所有人都赞同布隆伯格，批评者称他利用自己的财富说服国会强推一些政策。,并不是所有人都同意布隆伯格，反对的人说他利用自己的钱说服国会强行实施一些政策。
一幅幅对联，浓浓的春味，幸福的年味，表达了人们对新年美好生活的无限憧憬。,一幅幅对联，表达了人们对新年美好生活的无限期待。
在该组作品中，泽夫将自己和同龄人“缩小”，使观众如同置身于一个神奇的世界。,在该组作品中，泽夫将自己和相同年龄的人“缩小”，使观众好像在一个神奇的世界里。
伴随美国经济的复苏脚步，两年前该店生意开始改善，但是排队就餐的画面再也没能出现。,随着美国经济的复苏，两年前该店生意开始变好，但是再也没出现排队就餐的画面。
据介绍，防走失手环不仅可以给老人佩戴，还可以给小孩使用，起到同样的作用。,根据讲解，防走失手环给老人和小孩佩戴的作用相同。
在通知中特别要求，各局要建立列车商品名录，按照质价相符的原则，制定合理的价格，向旅客公布，接受监督，严禁销售“三无”及假冒伪劣商品。,在通知中特别要求，各局要建立列车商品名录，制定合理的价格，向旅客公布，接受监督，禁止卖“三无”及假冒伪劣商品
一些旅店在冰岛都比较便宜，还有许多音乐表演，白天能去当地的露天温泉－蓝湖，另外假如你喜欢大自然，冰岛让你感受到原始的草原风情。,冰岛的一些旅店都比较便宜，还有音乐表演，白天能去当地的露天温泉－蓝湖。另外如果你喜欢大自然，冰岛能让你感受到原始的草原风情。
我们通过专项调研可以看到，上海不缺人才，关键看我们以什么样的胸怀、用什么样的方法把人才选出来。,我们通过专项调研可以看到，上海不缺人才，主要看我们以什么样的胸怀和方法选出人才。
园内配套建了体育馆，可玩篮球、排球、乒乓球、保龄球、蹦床，健身器械样样都有。,园内配套建了体育馆，各种设施都有。
在这部电视剧中，潘长江所饰演的男主角丁二春，人到中年再创业，开办了一家名为“全成热恋”的婚介所。,在这部电视剧中，男主角丁二春人到四五十岁再创业，开办了一家叫“全成热恋”的婚介所。
勤洗手，远离家禽的分泌物，如接触过禽鸟或禽鸟粪便，要注意用消毒液和清水彻底清洁双手。,勤洗手，远离家禽或家禽的分泌物，如碰过，要注意用消毒液和清水彻底清洁双手。
疆内乌鲁木齐前往喀什、和田、库尔勒、阿克苏、伊宁等城市的机票价格节前节后均有特惠，以方便疆内旅客探亲过节。,疆内乌鲁木齐前往喀什等城市的机票价格节前节后都有特别优惠，用来方便疆内旅客探亲过节。
千日红：是花草茶中非常特别的品种，若选用上佳品种，冲泡时可以看到花慢慢地打开，如水中开花一般。,千日红是花草茶中非常特别的品种，冲泡上好品种时可以看到花慢慢地打开，如水中开花一般。
不久，詹新告诉陈某自己的妻子不治身亡，妻子的家人来闹，要陈某再汇钱摆平，不然就把姐姐詹某的骨灰盒拿到他家去。,不久，詹新告诉陈某自己妻子的病没治好就去世了，妻子的家人来闹詹新。詹新威胁陈某再汇钱摆平，不然就把自己姐姐詹某的骨灰盒拿到他家去。
民警黄惠平提示，春运期间，如果旅客遇到类似以丢钱为借口，要求检查你的身体或者行李的状况，不要与他们纠缠，应立即向附近的警方报案。,民警黄惠平提醒各位旅客，如果遇到其他人要求检查身体或者行李的情况，应该快速远离，并且向附近的警方报案。
不仅如此，编导还在台词中让顾客骂中国跑堂是“白痴”“蠢驴”，让中国跑堂从厨房端出“狗肉”、“猫肉”给客人吃等。,同时，编导在台词中让顾客骂中国跑堂是“白痴”“蠢驴”。而且编导还会让中国跑堂从厨房端出“狗肉”、“猫肉”给客人吃。
当地气象专家分析，目前位于菲南部城市桑托斯将军市东面的低压区未来两天仍会给菲国棉兰老、米沙鄢、南吕宋等地区带来降雨。,当地气象专家说，目前目前位于桑托斯将军市东面的低压区未来两天仍会给菲国棉兰老、米沙鄢、南吕宋等地区带来降雨。
舒马赫的妻子科琳娜以及两个孩子一直陪伴在他的病床左右，车迷以及体坛明星都在不断的发去祝福，希望舒米能够早日醒过来。,舒马赫的妻子科琳娜以及两个孩子一直陪伴着舒马赫。车迷以及体坛明星向舒马赫发去祝福，希望舒马赫能够早日醒过来。
我们像华生医生一样，什么也不能预料，却莫名信任着夏洛克·福尔摩斯，心甘情愿跟着他冒险。,我们像华生医生一样，不能够预料未来，但是信任夏洛克·福尔摩斯，愿意跟着他冒险。
不少村民领到了钱，就站在太阳下一边晒太阳一边数，相互询问对方领了多少。,不少村民领到了钱，就一边晒太阳一边数钱，同时也会询问其他村民领到了多少钱。
不断革新的今天，保健养生也在不断研发创新出新的方法，更符合年轻人的口味。,不断改革的今天，保健养生也在不断研发创新出新的方法。新的保健养生方法更符合年轻人的口味。
但是，国内市场上，受需求面持续低迷的影响，成品油市场整体呈现供大于求的局面，而油价却一直与国际油价震荡起伏，与国内市场基本“脱节”。,但是，国内市场上，成品油市场的需求量变少，整体呈现供大于求的局面。而油价却一直随着国际油价一起波动，与国内市场的实际情况基本没有关系。
法国沙特尔教堂的地面上有一个螺旋状的迷宫，是由一名主教为了举行复活节晚祷仪式设计而成的。,法国沙特尔教堂的地面上有一个螺旋状的迷宫。这个迷宫是由一名主教为了举行复活节晚祷仪式设计而成的。
经济学家劳伦斯指出，世界最高大楼的开工建设，与商业周期的剧烈波动高度相关，大楼的兴建通常都是经济衰退到来的前兆。,经济学家劳伦斯指出，世界最高大楼的建造与商业周期的波动有关，大楼的兴建通常是经济开始衰退的征兆。
而且，经过一个晚上，腹中空空，已出现明显得饥饿感，这时如恋床不起，势必打乱肠胃活动规律，时间一长，胃肠粘膜将遭到损害，容易诱发胃炎、胃溃疡及消化不良等疾病。,而且，经过一个晚上，会感到饥饿。如果一直不吃饭，会打乱肠胃活动规律，胃肠粘膜将遭到损害。这种情况容易诱发胃炎、胃溃疡及消化不良等疾病。
谭雪指，“这项技术不仅细致记录了文化遗产的资料，也同时向观众提供了不同的体验方式，很好地解决了文化遗产展示与保护之间的矛盾。,谭雪说，“这项技术不仅细致记录了文化遗产的资料，也向观众提供了不同的体验方式。这项技术很好地解决了文化遗产展示与保护之间的矛盾。
据悉，治国方案由本届政府精心准备而成，涉及政治、经济、文化等多个方面。,根据消息报道，治国方案由本届政府精心准备而成。这项方案涉及政治、经济、文化等多个方面。
在净土健康产业发展关键技术领域，邀请国内外相关领域知名专家组成攻关小组，在区外设立研发机构，开展区域合作，还将进一步加大招商引资力度。,在净土健康产业发展关键技术领域，邀请国内外相关领域知名专家组成课题小组，在区外建立研发机构，开展区域合作，还将进一步加大吸收投资的力度。
专家认为，中国此举有助国际社会了解地区局势真相，也是中国维护历史正义的体现。,专家认为，中国的这种做法有助国际社会了解地区局势真相，也是中国维护历史正义的体现。
医院总负责人表示：“我们给舒马赫进行了一个全新的脑部检查，有了一些轻微的进展。,医院总负责人说：“我们给舒马赫进行了一个全新的脑部检查。舒马赫的诊治有了一些轻微的进展。
有报道称，芦笋是营养学家力荐的食物，它富含碱性物质，最大的益处是有效促进毛发生长。,根据报道，芦笋是营养学家力荐的食物，它富含碱性物质，最大的益处是有效促进毛发生长。
小李说，她觉得这位妈妈很爱孩子也爱自己，想想她自从有了孩子，每天素面朝天，连衣服也懒得买了，从来没想过收拾打扮自己，很惭愧。,小李说，她觉得这位妈妈很爱孩子也爱自己。这位妈妈自从有了孩子，每天不打扮自己，也不再买新衣服。小李和这位妈妈相比感觉很惭愧。
虽然还未正式开播，但诸如“不是曾小贤的贤，是咸蛋的蛋”、“她说的是恶兆，恶是凶恶的恶，兆是凶兆的兆”、“你才没有鸟的脚”等台词，已经在网络上流传开了。,虽然还未正式开播，但例如“不是曾小贤的贤，是咸蛋的蛋”、“她说的是恶兆，恶是凶恶的恶，兆是凶兆的兆”、“你才没有鸟的脚”等台词，已经在网络上流传开了。
在录音中，曼德拉详细阐述了自传的内容，这些录音近年来也被广播和电视节目广泛采用。,在录音中，曼德拉详细介绍了自传的内容，这些录音近年来也被广播和电视节目广泛采用。
东南侧辅道上，一排自南向北行驶的车辆正等着红灯，突然“砰”的一声闷响，车队最后方的一辆现代轿车被追尾。,东南侧辅道上，一列自南向北行驶的车辆正等着红灯，突然“砰”的一声闷响，车队最后方的一辆现代轿车被其他车追尾。
例如，对实行阶梯水价的个别城市用水的前后进行对比，居民的用水状况并没有发生显著的乐观变化，像南昌依旧面临用水紧张的难题。,例如，对于实行阶梯水价的个别城市，比较了政策实行前后的用水量，发现居民的用水量并没有减少，像南昌依旧面临用水紧张的难题。
在五脏与五行的关系中，黑色对应的是肾脏，而黑米性平、味甘，具有滋阴补肾、益气活血、暖肝明目的功效。,在五脏与五行的关系中，黑色对应的是肾脏，而黑米药性平和、味道甜，具有滋阴补肾、益气活血、暖肝明目的功效。
从买礼品到送礼品，双方无需见面，也不用经手实体卡片，方便快捷，又避免风险。,从买礼品到送礼品，双方不用见面，也不用通过实体卡片。这种方式方便快捷，又避免风险。
记者看到，此处路面是由花岗岩铺成的，本来就十分平滑的花岗岩，沾上油污后，人走起来容易滑倒。,记者看到，此处路面是由花岗岩铺成的。花岗岩地面沾上油污后，人在上面走起来容易滑倒。
尽管它们曾经傲然耸立了千百万年，但在风吹、侵蚀和重力作用下，最终也难逃倒塌的命运。,尽管它们曾经直立了千百万年，但在风吹、侵蚀和重力作用下，它们还是倒下了。
在花团锦簇的背景下，新娘卡蕾笑容甜美，身穿由著名华裔女设计师王微微设计的粉色抹胸紧身长裙，新郎则拜倒在新娘的“石榴裙”下，整个场景给人一种温馨甜蜜的感觉。,在花团锦簇的背景下，新娘卡蕾笑容甜美，身穿由著名设计师王微微设计的粉色抹胸紧身长裙，新郎则对新娘崇拜倾倒，整个场景给人一种温馨甜蜜的感觉。
在剧中备受老婆“欺压”的吴奇隆，坦言自己因为拍摄该剧而“恐婚”，不过也甜蜜透露生活中与刘诗诗从未吵过架。,在剧中经常被老婆“欺压”的吴奇隆，说自己因为拍摄该剧而“恐婚”，不过也透露生活中与刘诗诗从未吵过架。
昨日庭审最大的焦点是两河村平安幼儿园负责人史海霞翻供，否认与杨文明是“合伙下毒”。,昨日庭审最大的焦点是两河村平安幼儿园负责人史海霞翻供。他否认自己和杨文明合伙下毒。
而被爸爸团和萌娃团参观的时候，考拉们依然非常惬意地享受着属于自己的小生活，只是偶尔面对萌娃们递过来的桉树叶时，才会“欣然”接受，显示出一些互动。,而被爸爸团和萌娃团参观的时候，考拉们专注于自己的生活，只是偶尔当萌娃们递过来的桉树叶时，才会去理睬。
首届中国义乌国际装备制造业博览会不久前举行，吸引了来自美国、德国、法国等国内外制造名企同台展示“工业智造”。,首届中国义乌国际装备制造业博览会不久前举行。这次博览会吸引了来自美国、德国、法国等国内外的制造名企。这些企业同台展示“工业智造”。
时间实在晚了，就在我们的廉政灶上吃，一人一碗面一轱辘蒜，气氛反而亲切。,时间实在晚了，我们就在廉政灶上吃，一人一碗面一轱辘蒜。这种气氛反而亲切。
所有考点均要配足配齐第二代身份证识别仪、金属探测仪等能够有效防范作弊的设备”。,所有考点均要配足配齐第二代身份证识别仪。同时要配备金属探测仪等能够有效防范作弊的设备”。
只有这样，企业才能看清市场的本来面目，进而根据市场的真实需求来制定、调整发展战略，发展道路才会越走越宽。,只有这样，企业才能了解市场的发展情况，进而根据市场的真实需求来制定、调整发展战略，发展道路才会越走越宽。
附近居民汪先生说，上面脱落的墙体多是前两个月脱落的，估计是在夜间落地。,附近居民汪先生说，上面脱落的墙体多是前两个月脱落的。这些墙体可能是在夜间落地。
面对环境变化，有的糖水店选择北上拓展业务，如满记、许留山，也有的选择继续坚持留守。,面对环境变化，有的糖水店选择北上拓展业务，也有的选择继续留在原地。
编织袋的提带深深勒进她的棉衣，她的身体向前倾，仿佛拉车一般，费力地迈步向前。,编织袋的提带深深勒进她的棉衣，她的身体向前倾，费力地迈步向前。
马英九反问她怎么不把时间拉长一点，李宛蓉笑着表示：“那我们就多绕几次。,马英九问她时间怎么这么短，李宛蓉笑着说：“那我们就多绕几次。
据墓志披露，上官婉儿“年十三为才人”，据负责上官婉儿墓发掘工作的陕西省考古院研究院研究员李明介绍，这时应为唐高宗在位期间。,据墓志显示，上官婉儿“年十三为才人”。陕西省考古院研究院研究员李明负责上官婉儿的墓发掘工作。他说，上官婉儿生活的朝代是唐高宗在位期间。
然而，随着萌娃们的曝光率猛增，不少网友表示“替孩子们感到疲惫”，甚至有人对几位星爸提出质疑，认为他们的纵容使得孩子们被过度消费。,然而，随着萌娃们的曝光率猛增，不少网友表示“替孩子们感到疲惫”，甚至有人认为星爸的纵容使得孩子们被过度消费。
据台湾媒体报道，“越南版瑶瑶”小逸近来在网上爆红，原因是她在玩线上游戏时，个人照片被好友转贴到微博上引起大陆玩家骚动。,据台湾媒体报道，“越南版瑶瑶”小逸近来在网上爆红，原因是她在玩线上游戏时，个人照片被好友转贴到微博上引起大陆玩家关注。
可当他走到车旁时，眼前的一幕把他惊呆了—轿车后挡风玻璃被砸出半个脸盆大小的洞，轿车后备箱盖上有一个带血的狗头。,可当他走到车旁时，眼前的一幕把他惊呆了。—轿车后挡风玻璃被砸出一个大洞，轿车后备箱盖上有一个带血的狗头。
社会理性既是思想理性，也最终是政治理性，它指的是，社会虽然有分歧甚至是严重分歧，但理性的做法能够得到推行，并且能被社会的“合力”所接受。,社会理性既是思想理性，也是政治理性，它指的是，社会虽然有分歧，但理性的做法能够被社会的“合力”所接受。
关键时候，左奶奶一个箭步从门外冲了进来，一边抓住中年男子数钱的手，一边大喊：“老雍，你的钱被人偷了。,关键时候，左奶奶从门外冲了进来，一边抓住中年男子数钱的手，一边大喊：“老雍，你的钱被人偷了。
老人的二儿子范家旺说，这些旧家电都是花钱买来的，由于买不起新的，就把这些旧家电买回来，看能不能修好接着用。,老人的二儿子范家旺说，由于买不起新的电器，就只能买一些旧的，就这些旧家电看能不能修好接着用。
因为，大豆和由大豆加工而成的食品中含有异黄酮，这种物质能够降低女性体内的雌激素水平，减少乳房不适。,因为，大豆和由大豆加工而成的食品中含有异黄酮。异黄酮能够降低女性体内的雌激素水平，减少乳房不适。
据说，发哥对时下最火的两种卖萌大招都颇有心得：一是电臀热舞；二是自拍专用嘟嘴表情，简直是卖萌标准教材。,据说，发哥对时下最火的两种卖萌大招都很了解：一是电臀热舞；二是自拍专用嘟嘴表情。这两种简直是卖萌标准教材。
很快，范明月的大儿子接到电话后也赶到了卫生院，忙里忙外地和弟弟一起推着老父亲去做检查。,很快，范明月的大儿子接到电话后也赶到了卫生院，和弟弟一起推着老父亲去做检查。
曾有一家基层图书馆，由于普查员实在断不出古籍的年代，就干脆统一“判定”为宋刻本，令人啼笑皆非。,曾有一家基层图书馆，由于普查员实在不能判断古籍的年代，就统一“判定”为宋刻本，令人哭笑不得。
但糖尿病人由于胰岛素缺乏，血糖没法用，只得消耗脂肪，这个过程中就会产生大量的毒素，散发出类似苹果腐烂的酸臭味。,但糖尿病人由于胰岛素缺乏，导致血糖不能吸收，就会消耗脂肪。在脂肪消耗的过程中会产生大量的毒素，散发出类似苹果腐烂的酸臭味。
李某马上说她做不了他的老婆，因为她身体有病不能生孩子，她让小妹唐某给他生孩子，让唐某同他发生了性关系。,李某马上说她做不了他的老婆。因为她身体有病不能生孩子。于是，她让小妹唐某跟李某发生性关系。
要信仰法治、坚守法治，做知法、懂法、守法、护法的执法者，站稳脚跟，挺直脊梁，只服从事实，只服从法律，铁面无私，秉公执法。,要信仰法治、坚守法治，做知法、懂法、守法、护法的执法者。要站稳脚跟，挺直脊梁。只服从事实和法律，秉公执法。
昨日，福建农林大学一位大二女生“吊发苦读”的照片在微博上热传，网友感叹“学霸的世界，我们不懂”。,昨日，福建农林大学一位大二女生“吊发苦读”的照片在微博上受到关注，网友感叹“学霸的世界，我们不懂”。
谢晖说，小孩子不会自己描述病情，因此儿科被称为“哑科”，医生要在长期的实践中练就一双“火眼金睛”，从孩子的哭声和表情里观察。,谢晖说，小孩子不会自己描述病情，因此儿科被称为“哑科”，医生要在长期的实践中观察的能力，从孩子的哭声和表情里了解病情。
于是，张艺谋决定认罚，不做行政复议或诉讼，希望以此早日平息这场风波，安心做电影。,于是，张艺谋决定认罚，不再进行申诉。他希望这件事早些结束，然后他可以安心做电影。
因为自诩有思路，徐先生的猪场完全按照行业高标准来做，“猪舍都是带地暖的。,因为自称有思路，徐先生的猪场完全按照行业高标准来做，“猪舍都是带地暖的。
然而近日这位性感的辣妈却遭遇到了前所未有的滑铁卢，让她也忍不住急忙在微博吐槽。,然而近日这位性感的辣妈却遭遇到了失败，让她也忍不住在微博吐槽。
女人结了婚会比婚前对自己的男人更关爱有加，男人一结婚却往往就没有了往日激情，对自己的女人日日疏懒。,女人结了婚会比婚前对自己的男人更关爱有加，男人一结婚却会减少激情，对自己的女人并不上心。
小摆设，装饰品，配件等等，随便你想怎么称呼它们，我们每个人家都会拥有很多这类玩意儿。,小摆设，装饰品，配件等等，不管你想怎么叫它们，我们每个人家都会有很多这类东西。
吃的时候虽然美味无穷，但之后却会导致食欲下降，也会刺激脾胃，形成腹胀、腹痛的恶性循环。,吃的时候虽然很美味，但之后却会导致不想吃东西，也会影响脾胃，形成腹胀、腹痛的不好循环。
因此，她在香港所结识的一些女友，直到她死，几乎无人知晓她是曾在北伐时期出尽风头的“蒋总司令夫人”。,因此，直到她死了，她在香港认识的一些女友，几乎没有人知道她是曾经在北伐时期十分出名的“蒋总司令夫人”。
明尼苏达大学的研究人员安德鲁奥迪加德说：“我们不清楚是早餐的时间重要还是早餐吃了什么重要。,明尼苏达大学的研究人员安德鲁奥迪加德说：“我们不知道是吃早餐的时间重要还是早餐吃了什么重要。
昨日的店招拆除进行了整整一天时间，餐饮类的商家被拆除的店招最多，台湾明星高凌风去年在龙头路开的餐饮店也未能幸免，在执法人员的监督下，“高凌风”几个字被当场拆除。,昨天的商店招牌拆除进行了整整一天时间，餐饮类的商家被拆除的商店招牌最多，台湾明星高凌风去年在龙头路开的餐饮店也不能例外。这个餐饮店在执法人员的监督下，“高凌风”几个字被当场拆除。
菜鸟托尼·斯内尔是公牛上下都很看好的一名新星，当邓离开之后，他将毫无疑问获得更多的上场时间。,新手托尼·斯内尔是公牛队全队都很认可的一名新星，在洛尔-邓离开之后，他将会获得更多的上场时间。
五台县位于山西省忻州市，因境内有五台山而得名，而五台山位居全国四大佛教名山之首。,五台县在山西省忻州市，因为它里面有五台山从而得到这个名字。五台山在全国四大佛教名山中排名第一。
开车进货途中，夫妻俩不忘搞营运，顺带着捎人挣钱，车辆被稽查人员暂扣后，两口子不但没有认真反思，反而趁稽查人员不注意企图将车偷走。,夫妻俩开车进货过程中，仍然没有忘记做营运，顺带着捎人挣钱，车辆被稽查人员暂时扣留后，两口子不但没有认真反思，反而趁稽查人员不注意想将车偷走。
所以，为了让你对无处不在的饮料所含的热量有所了解，我们详细列出了部分饮料的热量含量。,所以，为了让你对到处可见的饮料包含的热量有一些了解，我们详细列出了一些饮料的热量含量。
记者坐到了电脑前，打开各个抢票软件，关闭其他无关程序，做好准备工作，再次开始抢票。,记者坐到了电脑前，打开每个用于抢票的软件，关闭其他无关的程序，在做好准备工作后，再次开始抢票。
菲律宾外交部发言人劳尔·赫尔南德斯也宣称，马尼拉已要求驻华大使馆“进一步了解规定的详细信息”。,菲律宾外交部发言人劳尔·赫尔南德斯也说到，马尼拉已经要求驻华大使馆继续了解规定的详细信息。
在“雪龙”号积极设法摆脱困境的同时，船上部分科学考察项目正在照常进行。,在“雪龙”号船只努力想办法摆脱困境的时候，船上一些科学考察项目仍然在进行。
一同随行的合肥心理咨询中心主任张量告诉记者：“从与孩子简单的交谈来看，受家庭影响，两个妹妹还是偏于内向和腼腆，这就需要多去鼓励和关爱。,一起出行的合肥心理咨询中心主任张量告诉记者：“从与孩子简单的交谈来看，两个妹妹受到家庭的影响，还是比较内向和腼腆。两个妹妹需要我们多去鼓励和关爱。
也许是意识到这种尴尬，张亮和团队随即开始危机公关，他在录制节目后、赶往机场的路上，主动要求接受媒体的语音群访。,可能是认识到这种尴尬，张亮和团队立刻开始危机公关。张亮在录制节目后、赶往机场的路上，主动要求接受媒体的语音群访。
首先，无人机必须是在法律的约束下实施其自主行为，而在仔细编写程序和提高机器学习能力的同时，研究人员也得研制更好的导航系统和传感器。,首先，无人机必须是在法律的约束下开展它的自主行为，研究人员在仔细编写程序和提高机器学习能力的同时，也得研制更好的导航系统和传感器。
劳拉称，她的创作灵感主要都是来源于自然和梦境，就算是清晨的露珠也能吸引她拿起相机拍摄，每次她做了奇怪的梦，也都会记录下梦境的内容。,劳拉说，她的创作灵感主要都是来源于自然和梦境，就算是清晨的露珠也能吸引她拿起相机拍摄，每次她做了奇怪的梦，她也都会记录下梦境的内容。
前两部分是政府财政应当承担的责任，第三部分则有违公平正义，因为财政资金不应替代个人为自己养老承担义务。,前两部分是政府财政应该承担的责任，但是第三部分与公平正义不符合，因为财政资金不应该替代个人为自己养老承担义务。
实际上，任何期待在这一天享受鱼水之欢的成年女孩都需解决这项传统日本服装设下的难题。,实际上，每个想在这一天享受鱼水之欢的成年女孩都需要解决这项传统日本服装造成的难题。
搏斗中，劫匪挥舞的榔头将方雪祥的上嘴唇划了一道口子，鲜血直流，事后缝了两针。,方雪祥在与劫匪搏斗的过程中，劫匪挥动的榔头将方雪祥的上嘴唇划了一道口子，方雪祥的上嘴唇鲜血直流，之后上嘴唇缝了两针。
制作一台“冰车”不是一件容易的事情，汽车钢架要能承受额外的重量，而且风扇必须特殊设计以使得热风和排除气体不会将汽车融化。,制作一台“冰车”是一件很不容易的事情，汽车钢架要能承受除自身之外的重量，而且风扇必须经过特殊设计来使得热风和排除气体不会将汽车融化。
近日哈佛大学图书馆一位管理员表示：“关于哈佛大学的校训在网上早已盛传，尤其是在中国，但哈佛任何墙壁上都没有所谓的校训。,最近哈佛大学图书馆的一位管理员说：“关于哈佛大学的校训在网上早就已经开始流传，尤其是在中国，但哈佛任何墙壁上都没有这样的校训。
到了唐代更是发扬光大，在中国古代的诗歌、绘画和书法中，我们都能见到酒的影子。,酒到了唐代得到更多的推广，在中国古代的诗歌、绘画和书法中，我们都能见到酒的影子。
但是谢帝说：“很多年轻人都会被家长教育，要向社会上那些所谓的成功人士学习。,但是谢帝说：“很多年轻人都会被家长教育，他们要向社会上那些被成为已经成功的人们学习。
要生孩子就得先办证，张娅遂到户口所在地的居委会询问办理二胎准生证的手续。,张娅知道了要生孩子就得先办证，于是她到户口所在地的居委会问了办理二胎准生证的手续。
其大量先进技术的发明创造及其成果的运用转化已经达到非常高的水平，需要在一个“集大成平台”上得以集中反映与体现，而“福特”号航母就成为一个最理想和最好的载体。,它的大量先进技术的发明创造及发明创造成果的运用转化已经达到非常高的水平，需要得到集中体现，而“福特”号航母就成为一个最好的载体。
关于义务教育的均衡化方面，线联平说教委下一步要进一步扩大优质教育的辐射范围，带动一批不知名教育资源的发展。,关于义务教育的均衡化方面，线联平说教委下一步要继续扩大好教育的覆盖范围，带动一批不出名的教育资源的发展。
丁晟发觉，自己之前的剧本其实也和以往的警匪片一样，缺少真实生活的支撑。,丁晟发现，他之前的剧本也和以前的警匪片一样，剧本缺少真实生活的支撑。
收费的医疗服务项目包括部分急诊项目、眼科门诊和牙科门诊等，处方药的价格也会有所提升。,收费的医疗服务项目包括一些急诊项目、眼科门诊和牙科门诊等，处方药的价钱也会有一些提升。
脚掌上的神经末梢与大脑相连，洗脚时用双手在温水中按摩脚心、脚趾间隙，能使大脑感到轻松、舒畅，使人神清气爽，精力充沛。,脚掌上的神经末梢与大脑连接，洗脚时用两只手在温水中按摩脚心、脚趾缝隙，能使大脑感到轻松，使人精力更好。
尽管学生对这一措施看法不一，但部分小学部的班主任老师则表明了对这一措施的支持态度。,尽管学生对这个措施看法不完全一样，但一些小学部的班主任老师对这个措施表示支持。
据了解，男子从嘉义北上，藉拾荒和行乞为生，除现身东区，也会到万华或中和寻求民众爱心。,根据了解，男子从嘉义向北出发，靠捡东西和向人乞讨维持生活，除了出现在东区，也会到万华或中和来寻求民众的爱心。
疫情发生后，当地按照有关应急预案和防治技术规范要求，坚持依法防控、科学防控，切实做好疫情处置各项工作，严密封锁疫区，加强消毒灭源和监测排查。,疫情发生后，当地按照相关的应急方案和防治技术规范要求，坚持依法防控、科学防控，确保做好疫情处置的每项工作，严密封锁疫区，加强消毒消灭源头和监测排查。
坚持定期公示旅游市场检查和旅游投诉受理及处理情况，充分尊重民众的知情权，促进旅游接待单位提升旅游服务质量，引导旅游者理性消费。,坚持定期公开旅游市场检查和旅游投诉受理及处理情况，充分尊重民众的知情权，促进旅游接待单位提升旅游服务质量，引导旅游者理性消费。
伊朗官方通讯社报道说，多年来，周边国家对伊朗的核设施极为担心，为打消他们的疑虑，伊朗政府决定邀请海湾国家派专家访问伊朗的布什尔核设施。,伊朗官方通讯社报道说，多年来，周边国家对伊朗的核设施很担心，伊朗政府为打消他们的疑虑，决定邀请海湾国家派专家参观伊朗的布什尔核设施。
市气象台首席预报员郭金兰说，“之前几天气温确实比往年略高，这轮降温后预计气温还会比往年略高，但现在仍无法断言是暖冬。,市气象台首席预报员郭金兰说，“之前几天气温确实比往年高一点，这轮降温后预计气温还会比往年高一点，但现在仍无法确定是暖冬。
接到报警后，高速公路支队柳沟河大队交警到达现场，交警立即联系到救援车辆，准备将横躺在路边的半挂货车脱离，同时交警下到护坡，帮助货主守住橘子。,高速公路支队柳沟河大队交警在接到报警后，到达了现场，并立即联系到救援车辆，准备将横在路边的半挂货车拖离，同时交警下到护坡，帮助货主守住橘子。
原本应在市场中发挥榜样作用的央企，却成为了违规行为的“带头人”，令购房者对企业公信度的认知大打折扣。,本来应该在市场中发挥榜样作用的央企，却成为了违规行为的“带头人”，让购房者对企业公信度的认知降低很多。
为进一步开发新疆足球市场，提升新疆足球竞技水平，近年来，呼吁建立新疆职业足球俱乐部的呼声也越发高涨。,为了更多的开发新疆足球市场，提升新疆足球竞技水平，近些年来，呼吁建立新疆职业足球俱乐部的声音也越来越大。
她说，目前，失信被执行人名单只是通过媒体曝光，曝光量较少，震慑力度不是很大，应该加大曝光力度。,她说，目前，失信被执行人名单只是通过媒体公开，公开得较少，震慑力度很小，应该加大公开力度。
反对派领袖前副总理素帖说，抗议活动会继续下去，他甚至威胁说，如果英拉不很快下台，他们就要扣押她。,反对派领袖前副总理素帖说，抗议活动会继续下去，他甚至恐吓说，如果英拉不马上辞去公职，他们就要关押她。
退一万步讲，投资买进的普洱茶万一砸在自己手里，选对了口味还可以自己慢慢喝。,实在不行的话，投资买进的普洱茶一旦砸在自己手里，选对了口味还可以自己慢慢喝。
央行没有像以往一样迅速介入，而是督促商业银行调整贷款结构，并向符合宏观审慎要求的金融机构提供资金支持。,中国人民银行没有像以前一样马上干涉，而是催促商业银行调整贷款结构，并向符合宏观审慎要求的金融机构提供资金支持。
同时，加强对已获取数据的研究工作，为探月工程后续任务积累经验，提供支持。,同时，加强对已获得的数据进行研究，可以为探月工程之后的任务增加经验，提供支持。
日前，针对现代人生活压力大、缺少锻炼以致气血不通、毒素积聚体内，导致身体不适和亚健康状态，专家们带来了淋浴养生的新观念。,不久之前，针对现代人生活压力大、缺少锻炼导致气血不通、毒素留在身体里，引起身体不适和亚健康状态，专家们带来了淋浴养生的新观念。
美国纳什维尔市范德比尔特大学的医学博士、精神病学副教授米切尔·帕克斯说：“但是他们总是对自己过分乐观，认为不会赌博上瘾，直到焦头烂额。,美国纳什维尔市范德比尔特大学的医学博士、精神病学副教授米切尔·帕克斯说：“但是他们总是对自己太乐观，认为不会沉迷在赌博上，直到十分凄惨。
保定市南市区农业局局长张文广表示，下一步该区将逐步撤销疫点、疫区、受威胁区和在疫区设立的临时动物检疫消毒站。,保定市南市区农业局局长张文广说，接下来南市区将陆续撤销疫点、疫区、受威胁区和在疫区设立的临时动物检疫消毒站。
说白了，正是因为在思想观念、行为习惯、工作作风上缺乏足够的束缚，让一些人对不正之风习以为常，误以为这就是“当官”的应有状态。,就是说，正是因为一些人在思想观念、行为习惯、工作作风上缺少足够的约束，让这些人对不好的风气并不在意，错以为这就是“当官”应该有的状态。
比如，随船的气象保障队，他们的人员每天都要根据卫星云图分析判断当天气候变化，一天多次汇报给船长。,比如，在船上的气象保障队，他们的人员每天都要根据卫星云图分析判断当天的气候变化，每天将情况多次汇报给船长。
于是，国家杂交水稻工程技术研究中心计划将三亚试验基地迁移至“海棠湾新田园城”园区内，至此，全新的杂交水稻基地落户海棠湾落根田洋，将为水稻研究提供全新的发展空间。,于是，国家杂交水稻工程技术研究中心计划将三亚试验基地移到“海棠湾新田园城”园区里。如果这样的话，全新的杂交水稻基地将在海棠湾落根田洋上，将为水稻研究提供全新的发展空间。
采访中，晓彤的妈妈告诉记者，晓彤昨天上午已经出院，今天就会重返课堂，家长对学校的处理态度表示满意。,晓彤的妈妈在采访中告诉记者，晓彤昨天上午已经出院，今天就会重新回到课堂，家长对学校的处理态度表示满意。
确定参加季后赛的球星为避免受伤，一般不会怎么卖力表现，而没能进入季后赛的球员则通常是走走过场。,确定参加季后赛的球星为避免受伤，一般不会表现出全部实力，而没能进入季后赛的球员则一般表现得比较随意。
北京一家名为智恒知艺术培训中心的考试培训机构涉嫌通过考前发放无线电作弊器材、考中传送考试答案等方式，组织部分考生在该考点作弊。,北京一家名字叫做智恒知艺术培训中心的考试培训机构存在通过考前发放无线电作弊器材、考中传送考试答案等方式，组织部分考生在该考点作弊的嫌疑。
就规则问题而言，由于相关政府采购平台的配套法规仍不健全，很多问题难以界定。,对于规则问题，由于相关的政府采购平台的配套法规仍不全面，很多问题很难找到参考。
这场行动由广东省公安厅厅长李春生，在省公安厅指挥中心坐镇指挥，副厅长郭少波等人则是在汕尾前线指挥部考前指挥，凌晨四点行动开始。,广东省公安厅厅长李春生在省公安厅指挥中心里指挥这场行动，副厅长郭少波等人则是在汕尾前线指挥部考前指挥，这场行动在凌晨四点开始。
由于偶像工作的特殊性，很多男明星为了自己事业的发展对会对自己的感情生活保密，不到万不得已是不会公开的。,因为明星工作比较特殊，很多男明星为了自己事业的发展不会说自己的感情生活，除非实在没有办法了才会公开。
除更换新壁纸、新家具、新挂画、新地毯等一些具体物件外，椭圆形办公室最大的变化是色调：由前总统小布什酷爱的金黄色系改成了奥巴马主张的以褐色、灰褐色为主基调的颜色。,除了换新壁纸、新家具、新挂画、新地毯等一些具体物件外，椭圆形办公室最大的变化是色调。色调由前总统小布什喜爱的金黄色系改成了奥巴马喜欢的以褐色、灰褐色为主的颜色。
对治理者而言，提升微素养，强化微管理，创新微服务，是完善基层治理毛细血管的必然要求，更是时代赋予的艰巨任务。,对治理者来说，提升微素养，强化微管理，创新微服务，是完善基层治理毛细血管的必然要求，更是时代给予的繁重任务。
我们当时自己挑着铺盖卷，自己带着大米，自己挑着锅碗瓢盆，到韶山一共参观了三天。,我们当时自己带着铺盖卷、大米和锅碗瓢盆，到韶山一共参观了三天。
福建是流动人口子女教育净流入省份，流动人口随迁子女的就学问题不容忽视。,福建是流动人口子女教育净流入省份，流动人口随迁子女的就学问题不能忽视。
马克避免任何需要脱掉上衣的休闲活动，比如去海边、游泳、做日光浴等全都不参加。,马克不喜欢所有需要脱掉上衣的活动，不去海边、游泳、做日光浴等。
邵逸夫的父亲玉轩是旧上海有名的锦泰昌颜料公司的老板，经营漂染、财务等多种生意。,邵逸夫的父亲是旧上海有名的颜料公司的老板，经营染色、财务等多种生意。
为此中非共和国的居民应当对在总统被推翻后处于无政府状态的国家的新的政治团体的确定举行全民公决。,为此在总统被推翻后，中非共和国的居民应该对新的政治团体的确定举行全民决议。
学生通过网络购买火车学生票后，利用身份证和学生优惠卡就可以在自动取票机上取票。,学生通过网络购买学生票后，使用身份证和学生优惠卡就可以在自动取票机上取票。
长顺县委、县政府邀请贵州省夜郎文化研究院专家实地考察和研究，但依旧没有人对长顺夜郎文化的历史脉络进行全面、系统地清晰梳理。,长顺县委、县政府让贵州省夜郎文化研究院专家进行实地考察和研究，但依旧没有人对长顺夜郎文化的历史情况进行整理。
该书形象地描述了台湾被割让之初，客家义军、闽南义军是如何在大陆人士资金、弹药的支持下，与日本殖民者展开了殊死斗争的。,该书描述了台湾被迫让给外国之初，在大陆人士资金、弹药的支持下，客家义军、闽南义军如何与日本殖民者展开了生死斗争的。
而常用来做酿苦瓜、酿茄子、酿豆腐的肉糜，为使口感更好，在制作时一般会搅入很多肥肉，所以也是热量高得让你看不到。,而常用来做酿苦瓜、酿茄子、酿豆腐的肉末，为使口感更好，在制作时一般会搅入很多肥肉，所以也是让你看不到高热量。
任是他向你保证承诺，这辈子做牛做马给你效劳，你都需要三思，这个男人能向自己的亲戚开刀，难保以后会伸向外面。,任是他向你保证承诺，这辈子做牛做马给你出力，你都需要认真思考，这个男人能向自己的亲戚开刀，难以保证以后会伸向外面。
此次事件中，患者轻易便可将捐助者的隐私公布，凸显了此项爱心事业中的信息漏洞。,此次事件中，患者很容易便可将捐助者的隐私公布，大大显示出了此项爱心事业中的信息漏洞。
目前，虽然食品安全犯罪高发势头得到有效遏制，但食品安全仍需要持续关注和重视。,目前，虽然食品安全犯罪高发趋势得到有效制止，但食品安全仍需要持续关注和重视。
如今朱德故居纪念馆还珍藏着当年朱德在体育学堂读书时留下的成绩单，足以证明他的学历是大学本科。,如今朱德故居纪念馆还收藏着当年朱德在体育学堂读书时留下的成绩单，足以证明他的学历是大学本科。
播音：丽江古城内延期的纳西族院落，以南涧纳西族原居民的踪影，取而代之的热闹的店铺、餐馆和喧闹的酒吧。,播音：丽江古城内延期的纳西族院落，以南涧纳西族原居民的踪影，取而代之的热闹的店铺、餐馆和吵闹的酒吧。
曹女士介绍，她和大哥分头去各个楼层检查扔掉的垃圾袋，发现有一些已经被清理掉。,曹女士介绍，她和大哥分别去各个楼层检查扔掉的垃圾袋，发现有一些已经被清理掉。
他准备继续给企业做会计，和儿媳一起替儿子还债，还要支撑这个家，抚养孙辈。,他准备继续给企业做会计，和儿媳一起帮助儿子还债，还要支撑这个家，抚养孙辈。
自香港回归以来，这还是首次有人闯入驻港部队总部示威，香港各界及媒体连日来纷纷对此进行抨击。,自从香港回归以来，这还是第一次有人闯入驻港部队总部示威，香港各界及媒体这几日以来都对此进行批评。
对西藏今年的国民经济和社会发展计划、财政预决算执行情况等自治区重大事项，他们提出建议甚至批评。,对西藏今年的国民经济和社会发展计划、财政预算执行情况等自治区重要事项，他们提出建议甚至批评。
中国国际广播电台驻美国记者徐蕾莹：据报道，由于天气实在太冷，就连北极熊和企鹅都受不了了。,中国国际广播电台驻美国记者徐蕾莹：据报道，由于天气太冷，就连北极熊和企鹅都受不了了。
记者从网上了解到，确有个别网友反映昨天购票系统出现了这样的问题，但是因系统故障所致还是旅客自己选错了乘车日期，记者无法进行核实。,记者从网上了解到，的确有几个网友说昨天购票系统出现了这样的问题，但是记者无法核实是系统故障所导致，还是旅客自己选错了乘车日期。
但现在，在投资者不断地质疑声中，同业竞争依然悬而未决——原本，这应该是上市前解决的问题。,但现在，在投资者的质疑声中，同业竞争依然还没有解决——原本，这应该是上市前解决的问题。
此外，队友中的另一名成员道格克里斯蒂更是被传因生计所迫，一直与自己的妻子拍摄“成人电影”赚取生活费。,此外，队友中的另一名成员道格克里斯蒂更是被传言说因生活所迫，一直与自己的妻子拍摄“成人电影”赚取生活费。
外界已经很难了解当时他和中国的相关官员达成了什么具体协议，但沙龙对这次访问的记忆始终深刻。,外界已经很难知道当时他和中国的相关官员达成了什么协议，但沙龙对这次访问的记忆一直深刻。
潘祖高在交流会上向与会专家介绍了“三并联”创新模式的具体做法以及该模式在雅安市天全县成功试点的经验，与会专家对此纷纷发表了建议和意见。,潘祖高在交流会上向参会专家介绍了“三并联”创新模式的具体做法，还有该模式在雅安市天全县成功试点的经验，参会专家对此都发表了建议和意见。
对于英语科目是否应该从考研中剔除的问题，五成考生表示，既然在高考中英语有松动，研究生考试的英语是不是也该降低要求。,对于英语是否应该从考研中删除的问题，五成考生说，既然在高考中英语有松动，研究生考试的英语是不是也该降低要求。
出差人员应当在职务级别对应的住宿费标准限额内，选择安全、经济、便捷的宾馆住宿，并且按规定标准自行用餐，超支部分由个人自理。,出差人员应该在职务级别对应的住宿费标准限定范围内，选择安全、经济、便捷的宾馆住宿，并且按规定标准自行用餐，额外部分由个人自理。
他是中国著名物理化学家，中国高能化学激光奠基人、分子反应动力学奠基人之一，长期从事催化、火箭推进剂、化学激光、分子反应动力学等领域的研究，取得多项国际先进成果。,他是中国著名物理化学家，中国高能化学激光奠基人、分子反应动力学奠基人之一，长期进行催化、火箭推进剂、化学激光、分子反应动力学等领域的研究，取得多项国际先进成果。
对于这层关系，孙俪并不遮掩，并坦言奶奶在世时曾向胡慧中推荐过孙俪，但后来孙俪奶奶去世，两家便很少往来，也就失去了联系。,对于这层关系，孙俪并不掩盖，并明确说过奶奶在世时曾向胡慧中推荐过孙俪，但后来孙俪奶奶去世，两家便很少往来，也就失去了联系。
对面向公民、法人或其他组织的非行政许可审批事项原则上予以取消，确需保留的要通过法定程序调整为行政许可，其余一律废止。,对面向公民、法人或其他组织的非行政许可审批事项原则上给以取消，确定需要保留的要通过法定程序调整为行政许可，其余一律废止。
我每次都是光明正大去驳斥别人，都是发到网上、微博上公开的，从来没有过私下指控。,我每次都是光明正大去批评别人，都是发到网上公开的，从来没有过私下指责。
杨成毅笑着说：“工作不算轻松，还要狠劲干呢，不过在乡里管的事情要比在征收办多一些，这里相对要单纯一些，但没有星期天，上午我们还在拆迁现场。,杨成毅笑着说：“工作不算轻松，还要努力干呢，不过在乡里管的事情要比在征收办多一些，这里相对要简单一些，但没有星期天，上午我们还在拆迁现场。
他称，美国情报机构愿意修改通话记录监控程序，只要它同时能兼顾保障公民隐私权和自由。,他说，美国情报机构愿意修改通话记录监控程序，只要它能同时保障公民隐私权和自由。
经过调研，安芳玲发现位于张家堡以北，北绕城高速与西铜高速公路交汇处东北角，桥下未绿化。,经过调查研究，安芳玲发现位于张家堡以北，北绕城高速与西铜高速公路交汇处东北角，桥下未绿化。
在随后的一个小时里，经多方联系，卿婆婆在两名协警的帮助下，才被送往医院，被诊断为左肩胛骨断裂。,在之后的一个小时里，经过多方联系，卿婆婆在两名协警的帮助下，才被送往医院，被诊断为左肩胛骨断裂。
毛泽东不仅是一位有着辉煌业绩的政治家、军事家，还是一位著名的诗人、词人。,毛泽东不仅是一位政治家、军事家，还是一位诗人、词人。
近年来，玉州区围绕中医药健康产业，打造健康之城，走出了一条独具特色的发展之路。,近年来，玉州区围绕中医药健康产业，打造健康之城，走出了一条不一样的发展之路。
随后他被关押到俄勒冈州彭德尔顿的一所监狱，近日他就是在这里对耐克公司提起诉讼。,随后他被关到俄勒冈州彭德尔顿的一所监狱，最近几日他就是在这里对耐克公司提起诉讼。
并且，那是一部民国背景的剧，涉及到抗日等方面，最开始感觉那个角色离她真的很遥远，跟自己真的截然不同，但是真正融入之后却又觉得离她很近。,并且，那是一部民国背景的剧，涉及到抗日等方面，最开始感觉那个角色离她很遥远，跟自己完全不同，但是融入之后却又觉得离她很近。
但如果是没经过处理的水，这种“阴阳水”可能含有大量细菌，会造成人肠胃功能失调，甚至引起腹泻等疾病。,但如果是没经过处理的水，这种“阴阳水”可能含有大量细菌，会造成人肠胃功能失调，更有可能引起腹泻等疾病。
放大阳逻核心港通江达海的交通优势，科学规划临港产业的发展，打造武汉大临港经济板块核心发展区。,放大阳逻核心港的交通优势，科学规划临港产业的发展，打造武汉大临港经济板块核心发展区。
但曾声称“被撞”的老人周老汉却在家属不在场的情况下，承认是自己摔倒在地，与其此前的说法截然相反。,但曾经声称“被撞”的老人周老汉却在家属不在场的情况下，承认是自己摔倒在地，与其此前的说法完全相反。
列车长请示上级后，列车一路绿灯提前抵达前方最大的站点广元站，最终该孕妇安全到站，并被等候在车站的医护人员接走。,列车长请示上级后，列车一路绿灯提前抵达广元站，最终该孕妇安全到站，并被等候在车站的医护人员接走。
胡秀祥趴在地上挣扎，突然啊了一声人们散开了，她看到胡秀祥比划着剪刀，有个人躺在了地上。,胡秀祥趴在地上挣扎，突然啊了一声人们散开了，她看到胡秀祥挥舞着剪刀，有个人躺在了地上。
刚回答完身边客户问题的陈庆团，根据长期工作经验，判断这名客户很有可能遇到了困难需要帮助，便微笑着走上前去。,陈庆团刚回答完身边客户的问题，根据长期工作经验，判断这名客户很有可能遇到了困难需要帮助，便微笑着走上前去。
王登峰小心翼翼地保存着从儿子体内取出的绣花针，昨天上午，这根用餐巾纸包好的针突然断成了两截，他估计针在孩子体内有一段时间了。,王登峰十分小心地保存着从儿子体内取出的绣花针，昨天上午，这根针突然断成了两截，他估计针在孩子体内有一段时间了。
确认身份信息无误后，民警将小牟送至厦门市救助站，由救助站人员择日将小牟送上返乡火车。,确认身份信息没有错误后，民警将小牟送至厦门市救助站，由救助站人员选择时间将小牟送上回家火车。
就在林某和胡云都觉得此事天衣无缝之后，警方经调查，得知当时开车的是林某并取得了相关证据。,就在林某和胡云都觉得此事十分完美之后，警方经调查，得知当时开车的是林某并取得了相关证据。
因为，大豆和由大豆加工而成的食品中含有异黄酮，这种物质能够降低女性体内的雌激素水平，减少乳房不适。,因为，大豆和由大豆制作而成的食品中含有异黄酮，这种物质能够减少女性体内的雌激素，减少乳房不适。
中国人民追寻实现中华民族伟大复兴的中国梦，也祝愿各国人民能够实现自己的梦想。,中国人民追求实现中华民族伟大复兴的中国梦，也祝愿各国人民能够实现自己的梦想。
据新桥医院神经内科戴光明教授介绍，新年之后，心理咨询门诊已接收了多例因工作压力大前往就诊的患者。,新桥医院神经内科戴光明教授说，新年之后，心理咨询门诊已经接收了多例因工作压力大前往就诊的患者。
电视广播有限公司随后发表声明，对邵逸夫离世深感哀悼，并指邵的丧礼只供家人出席，追思会详情则另行公布。,电视广播有限公司随后发表声明，对邵逸夫离世深感悲痛，并指出邵的丧礼只供家人出席，追思会详情则另行公布。
当然，收费配件无论在外观和功能上肯定要比免费配件好一些，经不起诱惑的业主就会掏钱购买。,当然，收费配件在外观和功能上肯定要比免费配件好，经不起诱惑的业主就会购买。
从刚开始时，逢年过节偶尔拼车回家，到如今日常生活里的拼车通勤，“拼车”，对于很多人来说已经不再陌生。,从刚开始时，节日假日偶尔拼车回家，到如今日常生活里的拼车通勤，“拼车”，对于很多人来说已经不再陌生。
对此，市交警支队宣传科科长杨波说，“商家利用‘罚单’作噱头，影响交警平日执法的严肃性，显然是不可取的。,对此，市交警支队宣传科科长杨波说，“商家利用‘罚单’作宣传手段，影响交警平日执法的严肃性，显然是不可取的。
孩子们饱含激情地呈现了古诗、词、赋、现代诗歌、歌谣等多元形式，使国学的经典书香弥漫于校园。,孩子们饱含激情地展现了古诗、词、赋、现代诗歌、歌谣等多种形式，使国学的经典书香弥漫于校园。
诉讼文件称，这种不被允许的拍摄，使这座世界上最著名的摩天大厦的声誉受损，而且不得不增加安保人员。,诉讼文件称，这种不被允许的拍摄损害了这座世界上最有名的大楼的名声，所以大楼必须增加安保人员。
兰越峰告诉记者，经常会有人因为一些小毛病到医院，医生会先把人收住院，凭空说他患有很严重的疾病，然后让超声科做相应的检查，并配合出具显示患有重病的检查结果。,兰越峰告诉记者，经常会有人因为一些小毛病到医院，医生会先把人收住院，无缘无故说他有很严重的疾病，检查后配合出具显示患有重病的检查结果。
在互联网金融发展的大趋势下，农业银行把做好客户的“升级服务”、“优越体验”当作电子银行创新战略的核心。,在互联网金融发展的大背景下，农业银行把做好客户的“升级服务”、“优越体验”当作电子银行创新方案的重点。
在准备打包行李时，凯瑟琳向两名监察警官说：“我本来想裸体搬出去的，但是外面还是有点冷。,在准备打包行李时，凯瑟琳向两名监察警官说：“我本来想光着身子搬出去的，但是外面还是有点冷。
加强团体票办票单位资质审查，强化对重点热门车次团体票计划、发售、使用情况的跟踪和监管工作，坚决杜绝团体票被高价倒卖。,加强团体票办票单位资格检查，强化对重点热门车次团体票的跟踪和监督管理工作，坚决阻止团体票被高价买卖的情况出现。
如果能做到早期诊断和及早干预治疗，青光眼是可以被有效控制的，可以有效阻止视功能的进一步恶化。,早期诊断和及早干预治疗可以有效控制青光眼，阻止视功能的进一步变差。
从试点情况看，办理农民工工资支付管理“一卡通”手续并认真执行的企业项目部，农民工工资支付情况良好，无农民工投诉。,从试点情况看，企业项目部认真办理农民工工资支付管理的“一卡通”手续，农民工工资支付情况良好，无农民工不满意。
在该路段还有几辆其他违停车辆，但这辆凯迪拉克最为扎眼：一是车辆块头大，车顶有警灯。,在这段路上还有几辆其他不按规定停放车辆，但这辆凯迪拉克最为明显：一是车辆体积大，车顶有警灯。
捐献后确实身体好好的，一点影响都没有，我们全家人为我救人的行动感到骄傲。,捐献后确实身体好好的，我们全家人为我救人感到自豪。
月经期间，无论饮食还是日常保健，都有所禁忌，如果触犯了这些禁忌，很容易伤身体。,月经期间有一些不能吃的东西和做的事情，如果不听话就很容易伤身体。
第一个月昼里，着陆器和月球车不仅圆满完成了工程任务，而且所有科学载荷顺利开机工作。,第一个月球的白天，着陆器和月球车成功完成了工程任务，所有科学载荷顺利开机工作。
稽查人员提醒广大私家车主，无论拼车、顺风车等何种形式，都不要与乘客谈车费。,稽查人员提醒广大私家车主不要与乘客谈车费，无论是拼车、顺风车等任何形式。
这种黏糊的汁液就是白及的精华，可以涂抹在斑点、皱纹、鱼尾纹、眼袋的地方，能够起祛皱美容的作用。,白及的精华有祛皱美容的作用，可以涂抹在斑点、皱纹、鱼尾纹、眼袋的地方。
据了解，“霸机”会使飞机无法如期执行下一飞行任务，进而导致航班延迟或取消，影响机场调度，严重的会影响隔日航班调度。,据了解，“霸机”会使飞机不能按时执行下一飞行任务，进而导致航班延迟或取消，严重的会影响隔日航班调度。
这些细丝由一种简单的两径结构构成，与现在的几维鸟的第二基羽毛略微有些相似。,这些细丝由一种简单的两径结构构成，跟现在的几维鸟的第二基羽毛有一点像。
昨日上午，家住船房村的姚先生，刚想把车停放在靠近西花园的道路旁，就看见墙上写着“夜间禁止停放车辆，否则杀头”的告示，尽管是白天，他还是吓了一跳。,昨日上午，家住船房村的姚先生想停车时，看见墙上写着“夜间禁止停放车辆，否则杀头”，被吓了一跳。
隆化县博物馆研究员表示，目前国内发现日本对中国的掠宝图有几种，但正面是地图，背面是中国各地名胜古迹老照片的掠宝图还是首次发现，具有极高的历史研究价值。,隆化县博物馆研究员表示，这是第一次发现正面是地图，背面是中国各地名胜古迹老照片的日本掠宝图，具有极高的历史研究价值。
下一步，将在综合考虑居民可承受能力和社会各方面意见的基础上，梳理研究本市公共交通票价政策。,下一步，将同时考虑居民可承受能力和社会各方面的意见，梳理研究本市公共交通的票价政策。
如果当自己的老婆，她的打扮发生如此翻天覆地的变化后，那么丈夫就应该引起注意了，这算是女人出轨后，一个比较常见的反常表现。,如果当自己的老婆打扮发生巨大变化，那么丈夫就应该注意了，她可能出轨了。
候诊大厅里，家长怀抱哭泣的幼儿，一脸焦灼地盯着候诊屏幕，上面已显示排到几百号。,候诊大厅里，家长抱着哭泣的幼儿看着屏幕，非常着急，因为前面还有几百号。
当天下午，虽然交警在大客车上没有“卖掉”开水，但一位过路的小轿车却在服务站前停了下来，从副驾驶室上下来一位女士，来到中队门口的开水供应点。,当天下午，交警在大客车上没有“卖掉”开水，但是一个过路的小轿车里走下来一位女士，她来到了中队门口的开水供应点。
看到林强倒车，玲玲误认为父亲要离开，便朝越野车跑去，不料跌倒，小女孩当场被林强驾驶的越野车压死。,看到林强倒车，玲还以为他要离开，便朝车跑去，但是没想到她摔倒了，当场被车压死。
不少人被清晨的寒风冻得瑟瑟发抖，但仍然很难抵御香气四溢的腊八粥的诱惑。,虽然不少人在清晨的寒风里很冷，但仍然很想吃香气飘飘的腊八粥。
不仅主流电商，中山路中泉和大西门两大通讯市场的零销商们也“随风而动”，各家柜台里摆的都是主流智能新机型。,通讯市场的零销商们紧跟主流电商的脚步，各家柜台里摆的都是主流智能新机型。
正在选购大米的康先生说，自己是南方人，尽管已在济南生活了十几年，但从小吃惯了米饭，现在还是离不开。,正在买大米的康先生说，自己是南方人，从小吃惯了米饭，尽管已在济南生活了十几年，但现在还是离不开大米。
郑德泉介绍，梦游症属于睡眠障碍的一种情况，在睡眠中自己走动、工作，“他没有自主意识，容易带来一些伤害，例如摔倒、被利器戳伤、溺水。,郑德泉介绍，在睡眠中自己走动、工作属于梦游症，是睡眠障碍的一种情况，“他没有自主意识，容易带来一些伤害，例如摔倒、被尖锐的物体戳伤、溺水。
抓获疑犯后，警方在一名疑犯身上搜出一张自制的地图，上面标满高档小区的名字。,疑犯被抓住后，警方在其中一个人身上搜出一张自制的地图，上面写满高档小区的名字。
网友“万有引力”表示：本溪的自然资源和环境真的很好，只是希望不要再被破坏了。,网友“万有引力”表示：本溪的自然资源和环境真的很好，希望别人不要再破坏它。
剧中周锦堂扮演的周浪浪“一秒变法师”的环节，因为尹北琛扮演的“闯妹子”放错了音乐，周浪浪无奈只能抓起窗边的黄床单批在身上，假装出家人。,剧中，因为尹北琛扮演的“闯妹子”放错了音乐，周浪浪没办法只能抓起窗边的黄床单批在身上，假装出家人。
气田施工作业实现零污染目标，二氧化硫、氮氧化物、化学需氧量、防腐物等排放指标优于国家标准，排放总量远低于环评控制指标。,气田施工作业实现零污染目标，排放指标比国家标准好，排放总量比环评控制指标低很多。
中国采金老板一般采取违法向当地酋长、地主购买土地自行开采或与当地小矿主合作开采的方式，从事小金矿开采，属非法采金。,中国采金老板一般向当地酋长、地主购买土地自行开采金矿或与当地小矿主合作开采金矿，这是违法的。
从东海之滨到茫茫戈壁，从繁华都市到偏远村庄，一年来，有个深入人心的词语响彻神州大地——“八项规定”。,一年来，有个深入人心的词语出现在全国各地，它就是“八项规定”。
据外媒报道，南非周边海域近日发现一种新甲壳类动物，形似龙虾，但是体型小得多。,据外媒报道，南非周边海域近日发现一种新甲壳类动物，比较像龙虾，但是个头比龙虾小。
到了今年，这个话题再度被反复提起，儿子备感焦虑，到后来甚至不再接电话。,今年这件事总是被说到，儿子非常担心，到后来都不接电话了。
可以集中精力诊治疑难患者，有利于医疗资源的高效利用，从而缓解目前看病难、住院难的情况。,集中精力治疗疑难患者可以使医疗资源得到高效利用，从而减少目前看病难、住院难的情况。
汪远解释说：“大牌也很正常，不能去要求他们继续和以前一样，他们自己也有进步，片酬适当的情况当然要涨。,汪远解释说：“大牌也在不断进步，可以在适当的情况下增加片酬。
两次考研失败，但是仝正国依然乐观自信，她说：“感觉自己正在进步，大脑越用越活，认识和会写的英语单词也越来越多。,虽然仝正国两次考研失败，但是她依然乐观自信地说：“感觉自己正在进步，认识和会写的英语单词也越来越多。
胡亚东介绍，铁路总公司节前启动了春运的安全大检查工作，对所有的线路、车辆、设备、人员培训都做了充分的准备，保证运输安全。,胡亚东介绍，铁路总公司节前启动了春运的安全大检查工作，充分准备线路、车辆、设备，并对人员进行培训，保证运输安全。
民警黄惠平提示，春运期间，如果旅客遇到类似以丢钱为借口，要求检查你的身体或者行李的状况，不要与他们纠缠，应立即向附近的警方报案。,民警黄惠平提示，春运期间，如果有人跟你说他钱包丢了，要求检查你的身体或者行李的状况，不要与他们多说话，应立即去找附近的警察。
布鲁斯·邦德在信中说，诚实的人都知道中国抗日的真实历史，也知道日本长期以暴力手段窃取他国财富和以弥天大谎欺世的历史。,布鲁斯·邦德在信中说，诚实的人都知道中国抗日的真实历史，也知道日本长期以暴力手段偷取他国财富和用巨大的谎言欺骗世界的历史。
盛夏吃的食物温度要稍低一些，避免吃滚烫的食物；寒冬吃的食物温度要稍高一些，不要吃冷食。,夏天吃的食物温度要稍低一些，而寒冬吃的食物温度要稍高一些。
中国驻美大使崔天凯在中国驻美大使馆举行的记者会上表示，中国驻旧金山总领馆遭纵火是一起“非常严重的犯罪事件”，美方已保证全力以赴予以彻查。,在中国驻美大使馆举行的记者会上，大使崔天凯表示，中国驻旧金山总领馆被人放火是一起“非常严重的犯罪事件”，美方已保证尽全力进行彻底调查。
与此同时，以驴肉为原料的加工企业更是面临大量原料来源吃紧的问题，工厂加工、供应存在极大安全隐患。,有许多以驴肉为原料的加工企业，他们面临大量原料来源缺少的问题，工厂加工、供应存在非常大的危险。
人们在惋惜这样一座集区域民族风情、传统文化、特色建筑于一体的历史名城毁于一旦的同时，也在纷纷质疑一把火何以烧掉半座城。,这样一座具有民族风情、传统文化和特色建筑于的历史名城被摧毁了，人们觉得非常可惜，也都在问为什么一把火就可以烧掉半座城市。
庞龙用最平实轻缓的音调讲着咱爸咱妈的爱情故事，感悟“爱情很简单，平凡又伟大”的幸福。,庞龙用最平稳缓慢的声音讲着咱爸咱妈的爱情故事，体会“爱情很简单，平凡又伟大”的幸福。
经审核批准同意免考的学生，免考申请表存入学生档案，中考体育成绩按满分计入中考总分。,经审核批准同意免考的学生的中考体育成绩按满分计算，同时他的免考申请表会被存入档案。
考生随即将此情况发布在自己的个人微博中，并很快引起网友们的关注与议论。,考生马上把这个情况发布在自己的个人微博中，很快引起网友们的关注与讨论。
针对上海打破月清“霸王条款”的事情，多数网友表示希望全国同步，都实现以季度为单位进行流量套餐计费。,多数网友表示希望全国与上海一样，都实现以季度为单位进行流量套餐收费。
当很多人还在为抢不到回家车票犯愁时，一些年轻的进城务工人员却选择把家在农村的父母接到城市过年，“逆向省亲”在一些流动人口较多的城市兴起。,当很多人还在为抢不到回家车票犯愁时，一些年轻的进城打工人员却选择把家在农村的父母接到城市过年，“逆向省亲”在一些流动人口较多的城市出现较多。
韩庚作为影片男主角，对主题曲情绪的拿捏水到渠成，韩庚表示由于对故事细节了如指掌，深深理解每一句歌词想要表达的情感，录完的效果自己也十分满意。,韩庚作为影片男主角，非常了解故事细节，很容易表达出主题曲情绪，他对录音效果也十分满意。
那时的东关有“十三坊”的说法，东西板坊、更衣前后坊都在其中，当然也包括长乐坊。,那时的东关有“十三坊”的说法，东西板坊、更衣前后坊、长乐坊都包括在里面。
在此之前，沙龙亲自秘密访问贝鲁特，带着保卫人员走遍贝鲁特的大街小巷，对每一条街道、每个重要的建筑物都进行了仔细的观察。,在此之前，沙龙亲自秘密到达贝鲁特，带着保卫人员对贝鲁特进行了仔细的观察。
外星人离我们并不遥远，但当面对意外地出现在地球上的他们时，不知所措的，是我们自己。,外星人离我们并不远，但当我们面对突然出现在地球上的他们时就会不知道该怎办。
案发后，中国外交部和驻美有关使领馆就此向美方提出严正交涉，要求尽快破案，严惩肇事者。,案发后，中国外交部和驻美有关使领馆就此向美方提出严正交涉，要求尽快破案，严厉惩罚引发事故的人。
它又像攀登一座高楼总是要从一个稍低的台阶再跨上另一个更高的台阶，不容许超越实际可能而一步登天。,它就像攀登一座高楼一样要一个一个台阶跨，不可能违背实际一下子实现。
我不得不承认日本人非常认真，这是我对比了中日两个国家的国民性格得出的结论。,我比较中日两个国家的国民性格后，觉得日本人非常认真。
撒贝宁透露，此次他将带着对选手的空白认识到节目现场，以最真实的状态与他们建立了解和信任：“我知道这很具有挑战性，但我就喜欢这种慢慢探索的过程。,撒贝宁说，此次节目他没有提前了解选手：“我知道这很困难，但我就喜欢这种慢慢探索的过程。
虽然母亲表示视频录制时她并不在场，但奥马哈市青少年法庭的法官判决小男孩将和母亲一同被送往寄养家庭抚养。,尽管母亲表示视频录制时她并不在场，但奥马哈市青少年法庭的法官仍判决她和小男孩将一起被送往寄养家庭抚养。
他对办案民警说，出来以后，一定要好好做人，好好对待自己爱的人和关心自己的人，让他们过上幸福的生活。,他对办案民警说，出来以后，他一定要好好做人，好好对待自己爱的人和关心自己的人，让他们过上幸福的生活。
散场后，邵逸夫总是主动送黄美珍回余府，黄美珍不喜欢坐车，两人就边走边聊散着步回去。,散场后，邵逸夫总是主动送黄美珍回余府，黄美珍不喜欢坐车，两人就一边走一边聊天走回去。
